{
  "IsToxic": {
    "accuracy": 0.6450000000000001,
    "precision": 0.6447168685563428,
    "recall": 0.6450000000000001,
    "f1": 0.644769978587876,
    "accuracy_std": 0.021213203435596444,
    "precision_std": 0.02126946203108303,
    "recall_std": 0.021213203435596444,
    "f1_std": 0.021203623599703708
  },
  "IsAbusive": {
    "accuracy": 0.704,
    "precision": 0.6956006588080876,
    "recall": 0.704,
    "f1": 0.6962966394991452,
    "accuracy_std": 0.01772004514666933,
    "precision_std": 0.016377919517046896,
    "recall_std": 0.01772004514666933,
    "f1_std": 0.01610457165775678
  },
  "IsThreat": {
    "accuracy": 0.9640000000000001,
    "precision": 0.9596332000789214,
    "recall": 0.9640000000000001,
    "f1": 0.961710459595464,
    "accuracy_std": 0.012409673645990868,
    "precision_std": 0.0011388924356644367,
    "recall_std": 0.012409673645990868,
    "f1_std": 0.0069119969594166365
  },
  "IsProvocative": {
    "accuracy": 0.82,
    "precision": 0.7925932840640042,
    "recall": 0.82,
    "f1": 0.8008394370920685,
    "accuracy_std": 0.0194935886896179,
    "precision_std": 0.018283170070575554,
    "recall_std": 0.0194935886896179,
    "f1_std": 0.01531148145895255
  },
  "IsObscene": {
    "accuracy": 0.885,
    "precision": 0.8514829683063135,
    "recall": 0.885,
    "f1": 0.862506372412741,
    "accuracy_std": 0.01140175425099139,
    "precision_std": 0.018003178810447287,
    "recall_std": 0.01140175425099139,
    "f1_std": 0.011937672439527819
  },
  "IsHatespeech": {
    "accuracy": 0.762,
    "precision": 0.7972687361155176,
    "recall": 0.762,
    "f1": 0.7773283616798221,
    "accuracy_std": 0.02501999200639363,
    "precision_std": 0.005973503581988574,
    "recall_std": 0.02501999200639363,
    "f1_std": 0.01677550309985699
  },
  "IsRacist": {
    "accuracy": 0.7529999999999999,
    "precision": 0.8029618034182983,
    "recall": 0.7529999999999999,
    "f1": 0.7750772146704549,
    "accuracy_std": 0.0280356915377524,
    "precision_std": 0.019358528690110007,
    "recall_std": 0.0280356915377524,
    "f1_std": 0.023390195765756162
  },
  "IsReligiousHate": {
    "accuracy": 0.9869999999999999,
    "precision": 0.9761400502512563,
    "recall": 0.9869999999999999,
    "f1": 0.9815364986139766,
    "accuracy_std": 0.00244948974278318,
    "precision_std": 0.0048296524693735125,
    "recall_std": 0.00244948974278318,
    "f1_std": 0.003375918364930729
  }
}