Columna,Accuracy,Overfitting
IsReligiousHate,0.9869999999999999,0.013000000000000123
IsThreat,0.9640000000000001,0.03200000000000003
IsObscene,0.885,0.11424999999999996
IsProvocative,0.82,0.17900000000000005
IsHatespeech,0.762,0.22999999999999998
IsRacist,0.7529999999999999,0.24075000000000013
IsAbusive,0.704,0.29500000000000004
IsToxic,0.6450000000000001,0.352
